"","lon","lat"
"1",-0.1277583,51.5073509
"2",-74.0059728,40.7127753
"3",-119.4179324,36.778261
"4",-88.7878678,43.7844397
"5",-95.712891,37.09024
"6",-119.4179324,36.778261
"7",-95.712891,37.09024
"8",-95.712891,37.09024
"9",133.775136,-25.274398
"10",-73.7448437,40.5998931
"11",-71.0588801,42.3600825
"12",-42.604303,71.706936
"14",-84.3879824,33.7489954
"16",-80.8431267,35.2270869
"17",-84.3879824,33.7489954
"18",-122.2852473,37.831316
"19",-79.7624177,43.7315479
"20",-81.3792365,28.5383355
"21",-81.5157535,27.6648274
"23",-83.1497751,42.6064095
"24",-82.8001026,27.9658533
"27",-90.0489801,35.1495343
"28",-79.0192997,35.7595731
"29",-81.5157535,27.6648274
"31",-84.4277001,33.6407282
"32",-119.4179324,36.778261
"33",-74.0059728,40.7127753
"34",-81.1637245,33.836081
"35",-111.9738304,41.223
"36",72.8063965,21.1862381
"37",-76.581445,43.424166
"38",0.290472,50.768035
"39",-95.712891,37.09024
"40",-86.0224718,33.9245425
"41",-71.1097335,42.3736158
"42",-80.6495194,41.0997803
"43",-86.158068,39.768403
"44",-95.8313566,33.7539901
"47",-80.1917902,25.7616798
"48",-97.4394777,35.2225668
"49",-71.8022934,42.2625932
"50",-75.2176892,38.3226153
"51",-87.6341658,34.8288662
"53",-81.6943605,41.49932
"54",-119.4179324,36.778261
"55",77.2090212,28.6139391
"56",-79.9558968,39.629526
"57",-95.712891,37.09024
"58",-97.6385368,35.5587725
"59",-80.085059,42.1292241
"60",-83.8601827,33.5967815
"61",-99.9018131,31.9685988
"62",-95.712891,37.09024
"63",-106.346771,56.130366
"64",-89.3985283,40.6331249
"66",-73.9712488,40.7830603
"67",-102.4107493,34.2331373
"68",-104.990251,39.7392358
"69",-76.5018807,42.4439614
"73",-115.1745559,36.1023715
"74",-86.39027,35.8456213
"75",-76.5878328,39.2988333
"76",-111.0937311,34.0489281
"77",-4.659948,55.541332
"78",-87.9064736,43.0389025
"79",-86.158068,39.768403
"80",-99.9018131,31.9685988
"82",-66.4619164,46.5653163
"83",-95.3698028,29.7604267
"86",-82.9000751,32.1656221
"87",-92.2895948,34.7464809
"88",-77.4416505,37.3568157
"89",-79.3831843,43.653226
"91",5.6037465,6.334986
"92",-76.6412712,39.0457549
"93",-95.712891,37.09024
"94",-93.097702,41.8780025
"96",-84.2700179,37.8393332
"97",-86.39027,35.8456213
"98",-97.5087365,25.9434529
"99",-91.9623327,30.9842977
"100",-87.0738851,20.6295586
"101",-77.4105409,39.4142688
"102",36.8219462,-1.2920659
"103",-105.0813734,39.7047095
"104",33.4986523,39.8562859
"105",-116.173894,33.6803003
"106",-99.9018131,31.9685988
"107",-90.0715323,29.9510658
"108",-157.8583333,21.3069444
"110",-74.297333,4.570868
"112",-102.7106394,20.2960475
"113",2.213749,46.227638
"115",-119.4179324,36.778261
"116",-82.907123,40.4172871
"117",-119.6456844,36.3274502
"120",-90.0715323,29.9510658
"122",-84.3879824,33.7489954
"125",-84.3879824,33.7489954
"126",-90.0715323,29.9510658
"127",-81.8552196,41.143245
"128",95.6300233,27.3951473
"132",-85.3063504,37.102841
"133",-99.9018131,31.9685988
"134",-76.6412712,39.0457549
"135",-99.9018131,31.9685988
"136",-74.0059728,40.7127753
"137",-83.9207392,35.9606384
"138",-101.0020119,47.5514926
"141",-116.419389,34.9592083
"142",-105.937799,35.6869752
"145",-78.458708,38.253749
"146",-119.4179324,36.778261
"147",-82.9286428,42.6651965
"148",-80.8431267,35.2270869
"149",78.96288,20.593684
"150",-117.1610838,32.715738
"152",-73.019343,40.7659783
"153",-87.6297982,41.8781136
"154",146.921099,-31.2532183
"155",-84.3879824,33.7489954
"157",-85.6680863,42.9633599
"158",-93.2650108,44.977753
"160",-79.0753624,43.0920415
"161",-19.020835,64.963051
"162",138.5713281,-35.0244952
"163",-87.6297982,41.8781136
"164",78.478036,17.4653875
"165",128.8042831,35.9296548
"166",-81.3031179,29.028318
"167",-74.0059728,40.7127753
"168",-105.8700901,34.5199402
"169",-87.6297982,41.8781136
"170",25.7481511,61.92411
"171",-95.712891,37.09024
"172",-83.3677168,42.4989936
"173",-74.0059728,40.7127753
"175",-74.0326395,40.9912087
"176",-82.3313955,28.8354507
"177",-95.6426972,37.0341261
"178",-96.6388833,32.912624
"179",-79.3831843,43.653226
"180",-74.0059728,40.7127753
"181",-106.346771,56.130366
"182",18.643501,60.128161
"183",-91.8318334,37.9642529
"184",-84.3879824,33.7489954
"185",151.0518215,-33.77967
"186",-80.1358037,25.7747788
"187",-79.0192997,35.7595731
"188",-79.7990319,43.3255196
"190",68.5247149,25.8943018
"192",-91.8318334,37.9642529
"193",-90.3712395,40.9478158
"195",101.090109,4.5921126
"197",-95.712891,37.09024
"198",-81.8490739,26.5377673
"199",-81.0998342,32.0835407
"200",-86.7028119,36.1635882
"201",-80.3972736,27.6386434
"202",-119.4179324,36.778261
"203",-86.0008078,34.3514798
"204",-106.346771,56.130366
"205",-76.5319854,3.4516467
"206",-112.29828,40.5307776
"207",-73.9441579,40.6781784
"208",-119.4179324,36.778261
"210",-74.4056612,40.0583238
"211",-89.6662063,37.3822732
"213",-99.9018131,31.9685988
"214",-95.971261,36.153315
"215",-90.704279,35.8422967
"216",-84.5120196,39.1031182
"217",-82.9987942,39.9611755
"218",-86.5804473,35.5174913
"219",-90.0348139,34.9553719
"220",-96.0979879,36.1365376
"221",-87.6297982,41.8781136
"222",-81.5157535,27.6648274
"224",-117.9143012,33.8365932
"225",-76.2858726,36.8507689
"226",-97.1383744,49.895136
"227",133.775136,-25.274398
"228",-73.087749,41.6032207
"229",-74.4056612,40.0583238
"230",-90.0708602,29.9547187
"231",-106.346771,56.130366
"232",-121.2722194,38.1341477
"233",-82.4571776,27.950575
"234",-95.712891,37.09024
"235",32.5825197,0.3475964
"236",36.8219462,-1.2920659
"237",-120.5542012,43.8041334
"238",-116.419389,38.8026097
"239",-80.1373174,26.1224386
"240",-97.3090028,37.6845131
"241",-86.3977735,39.8433769
"242",-119.4179324,36.778261
"243",-84.4277001,33.6407282
"244",-95.712891,37.09024
"245",-76.6877186,45.4749199
"246",-119.4179324,36.778261
"247",151.2092955,-33.8688197
"248",-84.7582743,35.2872952
"249",-79.9310512,32.7764749
"251",-97.092877,35.0077519
"253",-94.68748,38.9250212
"255",-77.4360481,37.5407246
"256",-99.9018131,31.9685988
"258",-75.977985,36.8529263
"260",-98.4842465,39.011902
"262",-95.712891,37.09024
"263",43.356892,42.315407
"264",-73.087749,41.6032207
"265",-71.0588801,42.3600825
"266",-95.712891,37.09024
"267",-120.7401385,47.7510741
"269",-80.7419984,28.3861159
"270",-95.712891,37.09024
"271",-74.4056612,40.0583238
"272",-74.0059728,40.7127753
"273",-87.5691735,33.2098407
"274",-82.9000751,32.1656221
"275",-75.1652215,39.9525839
"276",-84.2807329,30.4382559
"277",-86.0794285,35.2098048
"278",-80.0599158,26.4555173
"279",-0.1277583,51.5073509
"281",-89.3985283,40.6331249
"282",-120.5542012,43.8041334
"283",-91.8318334,37.9642529
"284",-99.0931317,35.0295009
"286",-92.4421011,35.0886963
"287",-119.4179324,36.778261
"288",-74.0059728,40.7127753
"289",-84.3879824,33.7489954
"291",-89.3985283,32.3546679
"292",-94.6858998,46.729553
"294",-119.4179324,36.778261
"295",-95.236116,38.971385
"296",-89.4012302,43.0730517
"298",-99.9018131,31.9685988
"299",-83.357567,33.9519347
"300",-84.3879824,33.7489954
"302",-119.4179324,36.778261
"303",-83.3527097,42.36837
"304",-88.0853154,38.7308811
"305",-79.9958864,40.4406248
"306",-75.1652215,39.9525839
"307",-77.0368707,38.9071923
"308",-71.0588801,42.3600825
"309",-78.1558062,42.4268184
"310",-121.4883438,38.5796566
"311",-82.7523234,27.7886375
"312",-75.1652215,39.9525839
"313",-88.4153847,44.2619309
"314",-87.9064736,43.0389025
"315",-72.9867718,41.6023196
"316",-106.346771,56.130366
"317",-78.458708,38.253749
"318",-99.9018131,31.9685988
"319",-95.712891,37.09024
"320",-81.0856532,40.5728403
"321",-80.4831917,43.450301
"322",-75.3704579,40.6259316
"323",103.819836,1.352083
"324",-118.2436849,34.0522342
"325",-73.8648268,40.8447819
"327",-90.6298922,38.7874699
"328",-75.2493508,40.2619415
"329",-94.6119004,38.8550077
"330",-80.1917902,25.7616798
"331",-77.355413,25.0479835
"332",-95.712891,37.09024
"333",-79.0192997,35.7595731
"335",-92.2895948,34.7464809
"336",-94.6707917,38.9822282
"337",-80.9269984,29.0258191
"338",-119.4179324,36.778261
"339",-75.977985,36.8529263
"342",-79.0192997,35.7595731
"343",-79.7919754,36.0726354
"344",-79.2902133,43.0581645
"345",-78.8783689,42.8864468
"346",-82.7079605,41.4489396
"347",-106.346771,56.130366
"348",-82.8123646,39.8466556
"349",-87.0074423,30.3958679
"350",-111.0937311,39.3209801
"351",7.0498442,4.815554
"352",-73.9441579,40.6781784
"353",-73.9712488,40.7830603
"354",-82.9987942,39.9611755
"355",-106.2800242,43.4113604
"359",133.775136,-25.274398
"360",-79.3831843,43.653226
"361",-81.3792365,28.5383355
"362",-111.8910474,40.7607793
"363",-106.346771,56.130366
"364",-90.0489801,35.1495343
"365",-82.907123,40.4172871
"366",-122.4166041,37.7767964
"368",-88.7878678,43.7844397
"371",7.5153885,45.0522366
"372",-85.1946963,41.8722716
"374",-91.5705695,33.057837
"375",-73.9441579,40.6781784
"376",-95.712891,37.09024
"377",-97.3733759,37.8347342
"380",-81.7831674,32.4487876
"381",-74.0059728,40.7127753
"382",-79.3831843,43.653226
"384",-95.712891,37.09024
"385",-78.5086181,34.9529475
"387",-77.0368707,38.9071923
"388",-93.097702,41.8780025
"389",-71.0999719,42.4802469
"390",-90.0715323,29.9510658
"391",-74.0059728,40.7127753
"393",-120.7401385,47.7510741
"394",-71.3824374,42.4072107
"397",-74.0059728,40.7127753
"399",-80.8431267,35.2270869
"400",-84.4838654,42.7369792
"401",-86.5804473,35.5174913
"402",-77.39628,25.03428
"403",-79.7919754,36.0726354
"404",-84.3879824,33.7489954
"405",-94.5785667,39.0997265
"406",-106.346771,56.130366
"407",-111.8910474,40.7607793
"408",-73.7712675,42.6605293
"410",-120.7401385,47.7510741
"412",-86.158068,39.768403
"413",-97.5164276,35.4675602
"414",-76.4859544,44.2311717
"415",-94.5785667,39.0997265
"416",-79.0192997,35.7595731
"417",-73.1709604,44.4669941
"418",-82.4571776,27.950575
"419",-87.6297982,41.8781136
"421",-74.0059728,40.7127753
"422",-79.0192997,35.7595731
"423",-106.2800242,43.4113604
"424",-88.8442674,42.2639098
"426",-115.1745559,36.1023715
"429",-74.4056612,40.0583238
"432",-81.5157535,27.6648274
"433",-87.9064736,43.0389025
"434",-84.307172,41.5214401
"435",-66.063308,45.2733153
"436",-66.58973,6.42375
"437",-81.5157535,27.6648274
"438",-74.0776417,40.7281575
"439",-83.0363633,42.3149367
"440",-97.0383712,37.0619736
"441",-73.1233889,40.9123761
"443",-87.6297982,41.8781136
"444",-79.6736631,41.6270036
"445",-74.0059728,40.7127753
"446",-95.487557,29.73116
"447",-73.354287,40.718155
"448",-85.3096801,35.0456297
"449",-85.1393513,41.079273
"451",-73.7360175,41.2996305
"452",-84.4277001,33.6407282
"453",-81.1637245,33.836081
"454",-93.097702,41.8780025
"455",-97.262968,36.405627
"456",-87.6214286,41.34059
"457",-86.4958219,34.3181497
"458",-84.3879824,33.7489954
"459",-86.158068,39.768403
"460",-95.712891,37.09024
"461",29.8410174,-30.8460263
"463",-104.990251,39.7392358
"464",-95.712891,37.09024
"465",-76.6121893,39.2903848
"466",-81.7831674,32.4487876
"467",-79.3831843,43.653226
"468",-97.092877,35.0077519
"469",-79.9310512,32.7764749
"470",-95.712891,37.09024
"471",-112.4643988,40.5999425
"472",-74.4056612,40.0583238
"474",-73.9712488,40.7830603
"477",-86.1349019,40.2671941
"479",-99.9018131,31.9685988
"480",-111.8910474,40.7607793
"481",-93.0598883,33.644001
"482",-84.2963123,33.7748275
"483",-70.7055871,42.0917453
"484",-84.2012897,30.8774132
"485",-86.1349019,40.2671941
"487",-88.03424,42.1103041
"489",-80.4549026,38.5976262
"492",-82.7873244,27.9094665
"494",-82.7717684,28.0197404
"495",-82.6111984,28.0473658
"496",-82.6948221,28.1108485
"497",-84.4734171,33.6186732
"498",-98.4842465,39.011902
"499",-93.2009998,44.9374831
"500",-87.8833991,42.0333623
"501",-77.2833793,43.2209426
"502",-84.5120196,39.1031182
"503",-95.712891,37.09024
"504",-51.1299642,-29.9948421
"505",-82.7034334,27.7483613
"506",-82.7637127,28.0780718
"507",-82.4614831,28.1511243
"508",-74.0059728,40.7127753
"509",-98.4842465,39.011902
"510",-87.6297982,41.8781136
"512",-96.6783449,34.774531
"514",-85.6680863,42.9633599
"515",-87.9064736,43.0389025
"516",-104.8202462,41.1399814
"519",-54.6103488,48.954408
"520",-97.5164276,35.4675602
"521",-82.2549962,27.8835042
"522",-81.3792365,28.5383355
"523",-82.5131717,28.0544223
"525",-97.7625441,35.5067215
"526",-85.6023643,44.3148443
"527",-75.6342521,40.0784461
"528",-84.5555347,42.732535
"530",-80.3144276,43.3616211
"532",-74.0059728,40.7127753
"533",-81.9498042,28.0394654
"534",-82.7567679,28.1461248
"535",-82.8001026,27.9658533
"537",-82.6402915,27.7676008
"538",-79.3831843,43.653226
"539",-95.712891,37.09024
"541",129.0386145,35.1531181
"542",-85.8199271,40.7836981
"543",-88.1467243,41.3078093
"544",-74.4056612,40.0583238
"545",-73.567256,45.5016889
"546",-82.2859247,27.937801
"548",-87.6297982,41.8781136
"549",-75.5276699,38.9108325
"551",-106.346771,56.130366
"552",-119.4179324,36.778261
"554",-80.4549026,38.5976262
"556",-81.5157535,27.6648274
"557",-88.7033859,34.2576066
"558",-81.4548436,39.415352
"559",-79.0192997,35.7595731
"561",-96.6786131,34.2362054
"562",-95.712891,37.09024
"563",-86.1349019,40.2671941
"564",-81.5157535,27.6648274
"565",-119.4179324,36.778261
"566",-85.7584557,38.2526647
"567",-81.1831513,34.0859829
"568",-74.0059728,40.7127753
"570",-93.329926,45.088673
"571",-118.1164613,34.5794343
"572",-99.9018131,31.9685988
"573",-63.5752387,44.6487635
"574",-95.712891,37.09024
"575",-117.9149891,33.6337189
"576",-99.9018131,31.9685988
"578",-97.092877,35.0077519
"579",-95.712891,37.09024
"580",-93.6091064,41.6005448
"582",-81.0348144,34.0007104
"583",-99.9018131,31.9685988
"585",-86.5804473,35.5174913
"586",-74.0059728,40.7127753
"587",-93.7321228,32.5159852
"589",-76.417596,37.759985
"590",-74.0059728,40.7127753
"591",-86.902298,32.3182314
"593",-123.1207375,49.2827291
"594",-94.658108,39.022807
"595",-94.1779624,30.3490976
"596",-87.6297982,41.8781136
"597",-74.0059728,40.7127753
"598",-77.1710914,38.882334
"599",-86.158068,39.768403
"601",-91.314535,40.6297634
"602",-88.0322428,45.8322573
"603",-73.730157,40.665253
"604",-90.0715323,29.9510658
"605",10.2118019,45.5415526
"607",-96.6786131,34.2362054
"609",-66.6431151,45.9635895
"610",-74.0059728,40.7127753
"611",-120.7401385,47.7510741
"612",144.516667,-38.25
"613",-100.0170787,37.7527982
"614",-95.370026,35.7475692
"616",-84.2171424,33.8545479
"617",174.885971,-40.900557
"618",142.7027956,-20.9175738
"619",-95.712891,37.09024
"620",-118.2436849,34.0522342
"621",-86.158068,39.768403
"622",-85.6102507,42.2837336
"623",-79.0192997,35.7595731
"624",-87.7878408,42.0697509
"625",-74.1502007,40.5795317
"627",-77.1945247,41.2033216
"629",-79.6876659,43.467517
"630",-82.9000751,32.1656221
"631",-87.6297982,41.8781136
"632",-74.2295891,40.41483
"634",-77.1945247,41.2033216
"635",-81.1637245,33.836081
"639",-104.990251,39.7392358
"641",-77.3832315,44.1627589
"643",-72.9223431,41.3163244
"646",-85.7584557,38.2526647
"649",-86.158068,39.768403
"650",-83.0457538,42.331427
"651",-118.3286614,34.0928092
"652",-87.6297982,41.8781136
"653",-72.8684565,41.2841687
"654",-105.8700901,34.5199402
"655",-82.4571776,27.950575
"656",-99.9018131,31.9685988
"657",-119.4179324,36.778261
"658",-74.0059728,40.7127753
"659",114.109497,22.396428
"660",-81.6943605,41.49932
"662",-95.712891,37.09024
"663",-96.6851982,40.8257625
"664",4.469936,50.503887
"668",-106.346771,56.130366
"669",-91.8523711,36.7281154
"671",-74.4056612,40.0583238
"672",-95.712891,37.09024
"673",-95.712891,37.09024
"674",-93.1800162,44.4604431
"675",-106.346771,56.130366
"676",174.885971,-40.900557
"677",-99.9018131,31.9685988
"678",-82.907123,40.4172871
"679",-85.7584557,38.2526647
"680",-79.9958864,40.4406248
"681",-95.712891,37.09024
"683",-93.097702,41.8780025
"685",-81.3792365,28.5383355
"686",-79.3831843,43.653226
"687",-87.2775053,33.8312185
"688",-99.9018131,31.9685988
"689",-84.3879824,33.7489954
"690",8.227512,46.818188
"691",-81.9498042,28.0394654
"693",-77.0469214,38.8048355
"694",-75.9270074,41.263241
"696",-74.0059728,40.7127753
"698",-76.5835621,36.7282054
"699",-85.323214,51.253775
"700",-105.7820674,39.5500507
"701",-89.3750639,31.3190633
"702",-78.8783689,42.8864468
"704",-94.846681,39.7674578
"705",-52.7125768,47.5615096
"706",-87.6297982,41.8781136
"707",-96.6786131,34.2362054
"708",-77.7009794,43.1866104
"709",-122.910956,49.2057179
"710",-77.6109219,43.16103
"711",-78.4766781,38.0293059
"712",-2.7044052,53.7632254
"713",-99.9018131,31.9685988
"714",-82.2270568,34.9387279
"717",-86.7816016,36.1626638
"718",-90.2834261,34.2017783
"719",-79.0192997,35.7595731
"722",-84.5499327,33.952602
"723",-87.6595231,44.0878764
"724",-82.6392899,30.1896756
"725",-97.2222451,34.7400809
"727",-84.5555347,42.732535
"728",-121.9579578,37.0453988
"729",-81.6498195,35.0717945
"730",-80.5378858,43.8329197
"731",-74.0059728,40.7127753
"733",-120.7401385,47.7510741
"734",-82.2106876,36.3487196
"735",-84.3879824,33.7489954
"736",-74.0770806,39.9267852
"738",-63.744311,44.6819866
"739",-93.5760652,44.5432966
"740",-87.6533404,41.9665404
"742",-95.7257968,32.3593117
"744",-90.1994042,38.6270025
"745",-79.3831843,43.653226
"746",-79.0192997,35.7595731
"747",-82.907123,40.4172871
"748",-87.6297982,41.8781136
"749",-99.9018131,31.9685988
"752",-78.3541685,35.2451648
"754",106.9755726,-6.2382699
"755",-78.8294768,42.7158927
"756",-86.5804473,35.5174913
"758",-89.5181476,37.3058839
"759",-82.4571776,27.950575
"760",-79.8997755,39.8467433
"761",-85.3904888,31.2232313
"764",-118.2436849,34.0522342
"765",-119.4179324,36.778261
"766",-85.5263629,39.7956007
"767",-85.6680863,42.9633599
"768",-91.8318334,35.20105
"769",-81.5157535,27.6648274
"770",-105.8700901,34.5199402
"771",-121.2988335,39.2077473
"772",-90.0489801,35.1495343
"773",-79.0192997,35.7595731
"775",-87.5900134,37.8361538
"776",-3.435973,55.378051
"777",-71.0588801,42.3600825
"778",-83.6874562,43.0125274
"779",-77.0368707,38.9071923
"780",-72.0759105,41.5242649
"782",-79.0192997,35.7595731
"783",-94.6858998,46.729553
"784",-93.2650108,44.977753
"785",-77.0368707,38.9071923
"786",-88.3267107,36.3020023
"787",-88.0809036,41.9575285
"788",-74.3118212,39.9652553
"789",-81.3444573,35.7344538
"792",-99.9018131,41.4925374
"793",-87.86966,42.0876985
"794",-72.589811,42.1014831
"795",-95.8555207,32.2048735
"796",-78.8866943,33.6890603
"797",-86.7816016,36.1626638
"798",-3.435973,55.378051
"799",-86.902298,32.3182314
"800",-82.9000751,32.1656221
"801",-81.655651,30.3321838
"803",-83.153985,42.327978
"805",-82.9000751,32.1656221
"807",-117.1817377,46.7297771
"808",-82.907123,40.4172871
"809",-81.1637245,33.836081
"810",-81.1637245,33.836081
"811",-95.712891,37.09024
"812",-95.712891,37.09024
"813",-89.3985283,32.3546679
"814",-96.6397822,33.1972465
"816",-123.0350963,44.9428975
"818",6.1431577,46.2043907
"819",-79.8833971,34.6976564
"821",-91.9623327,30.9842977
"822",-80.148379,25.9812024
"823",-76.4548626,39.3698263
"824",121.1360819,14.5585549
"826",-76.4730122,37.0870821
"828",-74.0143064,40.7878788
"830",-77.6930602,43.2097837
"831",-95.712891,37.09024
"832",4.4777326,51.9244201
"833",151.2092955,-33.8688197
"834",-99.9018131,31.9685988
"835",-91.7271154,44.9974614
"836",-90.704279,35.8422967
"837",-95.712891,37.09024
"839",-106.346771,56.130366
"840",-89.0928155,30.3674198
"841",-76.6121893,39.2903848
"842",-87.4163869,30.3356947
"844",-94.5785667,39.0997265
"846",-82.9000751,32.1656221
"848",-93.7501789,32.5251516
"850",-72.6850932,41.7637111
"851",-86.6513845,36.4703232
"852",-95.4079505,29.7557306
"854",-74.009213,40.7119193
"855",-70.861985,41.991213
"856",-86.7384749,36.1844178
"857",-87.6297982,41.8781136
"858",-95.712891,37.09024
"859",-118.7797571,34.0259216
"860",-98.4933873,33.9137085
"861",-84.5037164,38.0405837
"862",-73.9212858,40.6944282
"863",-118.7616764,34.1533395
"865",-78.8783689,42.8864468
"866",-95.1765978,29.9988306
"867",-87.2169149,30.421309
"868",-96.9253004,35.3272928
"869",-120.5542012,43.8041334
"870",-82.907123,40.4172871
"871",-82.6402915,27.7676008
"872",-119.4179324,36.778261
"873",-66.4619164,46.5653163
"874",-74.0059728,40.7127753
"875",-74.0059728,40.7127753
"879",-95.712891,37.09024
"880",-77.4605399,38.3031837
"882",-90.1848103,32.2987573
"883",-86.7816016,36.1626638
"884",-57.6604364,53.1355091
"885",-74.0059728,40.7127753
"886",-77.0368707,38.9071923
"887",-92.1735164,38.5767017
"888",-77.141585,39.858568
"889",-79.3831843,43.653226
"891",-81.8039998,33.5509706
"892",-74.0059728,40.7127753
"893",-86.5804473,35.5174913
"894",-74.0059728,40.7127753
"895",-78.050174,36.07557
"896",139.6917064,35.6894875
"897",-79.1422464,37.4137536
"899",-83.0309143,40.0141905
"902",-80.2481666,43.5448048
"903",-77.1945247,41.2033216
"904",-77.0010786,41.2411897
"906",-98.4842465,39.011902
"909",-81.5157535,27.6648274
"910",-81.1270035,29.4749754
"911",-97.3639068,32.8601275
"912",-94.5907857,39.0532974
"913",-81.6943605,41.49932
"914",-97.396381,27.8005828
"915",-88.6217432,41.6458634
"916",-86.7816016,36.1626638
"917",-81.0717324,35.2359757
"918",-91.8318334,37.9642529
"920",-84.3879824,33.7489954
"921",-83.9207392,35.9606384
"922",-89.3985283,40.6331249
"923",-93.2650108,44.977753
"924",-89.6645266,35.042036
"925",78.96288,20.593684
"926",-78.6381787,35.7795897
"927",-82.1587351,36.0156735
"928",-74.0059728,40.7127753
"929",-95.712891,37.09024
"931",-73.1087148,42.700915
"932",-82.021985,34.987089
"933",-105.0694295,39.5877657
"934",-75.1652215,39.9525839
"935",-79.9958864,40.4406248
"936",-99.9018131,31.9685988
"939",-79.6876659,43.467517
"940",-81.5157535,27.6648274
"941",-105.7820674,39.5500507
"942",-86.1349019,40.2671941
"943",-91.8318334,37.9642529
"945",-119.4179324,36.778261
"946",-82.6402915,27.7676008
"947",-98.4842465,39.011902
"948",-95.8593616,40.6765745
"949",-83.8910534,41.5886629
"950",-84.2700179,37.8393332
"951",-79.0192997,35.7595731
"952",-80.2706044,26.271192
"953",-77.0368707,38.9071923
"954",-95.7257968,32.3593117
"955",-99.9018131,31.9685988
"956",-66.914216,52.9390014
"957",-74.3118212,39.9652553
"958",-97.092877,35.0077519
"959",-75.0760137,38.7209454
"960",-93.2922989,37.2089572
"962",-95.992775,36.1539816
"963",-93.2922989,37.2089572
"964",-86.5804473,35.5174913
"966",-106.346771,56.130366
"967",-88.6064373,35.2336933
"969",122.740723,11.3155974
"970",-73.8205567,45.4895636
"972",-91.7336846,35.2468204
"973",-87.9403418,41.8994744
"974",-117.9143012,33.8365932
"975",-69.4454689,45.253783
"976",-104.9395637,39.6676033
"977",-91.8318334,35.20105
"979",-79.3831843,43.653226
"980",-79.0192997,35.7595731
"981",-61.222503,10.691803
"982",-79.0192997,35.7595731
"984",-77.3078782,38.5800437
"985",-94.1185366,36.3320196
"987",88.428575,22.6326944
"988",-88.1070127,41.8661403
"989",-83.1843781,35.3089224
"991",-105.2705456,40.0149856
"993",-75.6971931,45.4215296
"994",-74.0059728,40.7127753
"995",-76.6121893,39.2903848
"996",-80.4549026,38.5976262
"997",-85.7769238,39.5214373
"999",-86.2519898,41.6763545
"1000",-84.2700179,37.8393332
"1001",19.5033041,47.162494
"1002",-87.6297982,41.8781136
"1003",-81.5157535,27.6648274
"1005",-91.8318334,37.9642529
"1007",-74.3646122,40.7146376
"1008",-87.6297982,41.8781136
"1009",-80.5214706,43.4631679
"1010",-83.9737935,35.7895271
"1011",-105.0797838,39.0771893
"1014",-75.2853789,40.006462
"1015",-86.158068,39.768403
"1016",-116.2420304,43.478767
"1017",-91.8318334,37.9642529
"1018",-115.1398296,36.1699412
"1020",-122.4194155,37.7749295
"1023",-79.9958864,40.4406248
"1024",-94.1736551,36.0678324
"1025",-88.4470508,43.7730448
"1026",72.826967,18.944847
"1027",-71.0588801,42.3600825
"1028",-122.3320708,47.6062095
"1029",-92.1193012,32.5093109
"1030",-97.5164276,35.4675602
"1031",80.1645457,13.0236268
"1032",-96.734499,33.100297
"1034",-95.712891,37.09024
"1035",-82.907123,40.4172871
"1036",-73.087749,41.6032207
"1038",-66.590149,18.220833
"1039",-99.9018131,31.9685988
"1040",-77.4360481,37.5407246
"1041",-87.6297982,41.8781136
"1044",-115.1219028,36.1611747
"1046",-92.2895948,34.7464809
"1047",-95.3367827,29.9902199
"1048",77.5142869,12.9728508
"1049",-79.7919754,36.0726354
"1051",-77.6109219,43.16103
"1055",0.0302354,5.7348119
"1056",-97.330053,37.6871761
"1057",-83.9787808,30.8365815
"1058",-95.712891,37.09024
"1059",-104.990251,39.7392358
"1060",-74.0059728,40.7127753
"1061",144.793731,13.444304
"1062",-81.563874,28.385233
"1063",-77.0368707,38.9071923
"1065",-95.712891,37.09024
"1066",-81.8704481,36.0711174
"1067",-95.712891,37.09024
"1071",-75.6971931,45.4215296
"1072",-119.4179324,36.778261
"1073",0.4690888,51.7343313
"1074",-87.6297982,41.8781136
"1075",-73.9712488,40.7830603
"1076",-75.294569,40.7749283
"1079",-81.2142561,34.7048613
"1080",-66.58973,6.42375
"1081",-74.0321122,40.9906561
"1082",136.4174841,-33.1386164
"1083",-97.4780954,35.6528323
"1084",-85.5872286,42.2917069
"1085",-89.3985283,40.6331249
"1086",-95.3698028,29.7604267
"1087",-71.6847247,41.9661165
"1088",-111.0937311,39.3209801
"1089",-95.3698028,29.7604267
"1090",-91.9623327,30.9842977
"1091",-96.6786131,34.2362054
"1092",-73.9441579,40.6781784
"1093",-85.323214,51.253775
"1094",-85.2256635,34.9947441
"1095",-78.6568942,37.4315734
"1096",-87.7868513,41.953206
"1098",-82.9000751,32.1656221
"1099",-86.5804473,35.5174913
"1100",-89.2137254,43.1836046
"1101",-81.5157535,27.6648274
"1102",-76.6121893,39.2903848
"1105",-69.4454689,45.253783
"1106",-89.4012302,43.0730517
"1107",-74.0059728,40.7127753
"1108",-74.0059728,40.7127753
"1110",-88.7900689,39.4064284
"1111",-74.0059728,40.7127753
"1112",-110.0298327,34.2542084
"1113",-95.712891,37.09024
"1114",-57.6604364,53.1355091
"1115",-79.3831843,43.653226
"1116",-81.8723084,26.640628
"1117",-97.7430608,30.267153
"1118",-74.4056612,40.0583238
"1119",-85.7584557,38.2526647
"1120",-115.1929018,36.1249023
"1121",-87.6297982,41.8781136
"1122",-94.6858998,46.729553
"1124",-95.712891,37.09024
"1125",-95.712891,37.09024
"1126",-81.1637245,33.836081
"1128",-99.9018131,43.9695148
"1129",-77.1945247,41.2033216
"1131",-96.7311034,43.5445959
"1132",-74.0059728,40.7127753
"1134",-97.7625441,35.5067215
"1135",-83.6874562,43.0125274
"1136",-149.4936733,64.2008413
"1137",-74.0059728,40.7127753
"1138",-79.3956564,43.6628917
"1139",151.4435474,-33.3529519
"1140",-117.6660349,33.5520852
"1141",-77.1945247,41.2033216
"1142",-97.5164276,35.4675602
"1143",-79.8711024,43.2557206
"1144",-94.4154758,30.7752011
"1145",-98.4936282,29.4241219
"1146",-75.1652215,39.9525839
"1148",-81.3792365,28.5383355
"1149",-84.2700179,37.8393332
"1150",-94.4546013,38.9091488
"1152",-73.087749,41.6032207
"1153",-88.7878678,43.7844397
"1154",-86.8849984,36.5092118
"1155",-119.4179324,36.778261
"1156",-98.321061,37.9845192
"1157",-82.3688078,40.7739051
"1158",-77.297508,18.109581
"1159",-0.0722785,51.6049674
"1160",-85.7801453,35.6865889
"1161",-80.9269984,29.0258191
"1163",-73.8680872,42.9117377
"1164",-119.4179324,36.778261
"1165",-84.5120196,39.1031182
"1166",-80.782127,8.537981
"1168",-84.3879824,33.7489954
"1169",-86.7816016,36.1626638
"1170",-79.9958864,40.4406248
"1171",-81.5157535,27.6648274
"1172",133.775136,-25.274398
"1174",-80.9269984,29.0258191
"1175",-95.712891,37.09024
"1176",-97.092877,35.0077519
"1177",-79.9414266,37.2709704
"1178",-87.6297982,41.8781136
"1179",-79.3831843,43.653226
"1180",-116.5765035,53.9332706
"1181",-122.4194155,37.7749295
"1182",151.7816802,-32.9282712
"1183",-118.4380477,34.1494083
"1185",-74.4056612,40.0583238
"1186",-76.6121893,39.2903848
"1187",-99.9018131,31.9685988
"1188",-81.5134255,35.7429092
"1189",-79.3831843,43.653226
"1190",-93.2650108,44.977753
"1193",-84.276547,34.095662
"1194",-73.567256,45.5016889
"1195",-87.6297982,41.8781136
"1196",-81.5157535,27.6648274
"1197",-77.0368707,38.9071923
"1198",-73.9829204,40.7381306
"1199",-77.1945247,41.2033216
"1200",-66.4619164,46.5653163
"1201",-95.283276,38.970904
"1202",-95.712891,37.09024
"1203",-93.7501789,32.5251516
"1207",-76.6121893,39.2903848
"1209",-119.4179324,36.778261
"1210",174.885971,-40.900557
"1211",-73.1967741,42.8781345
"1213",-117.1830891,32.6858853
"1214",-81.5157535,27.6648274
"1215",-74.4056612,40.0583238
"1217",-82.3246094,37.6061055
"1218",-81.1637245,33.836081
"1219",-81.3792365,28.5383355
"1220",-99.9018131,31.9685988
"1221",-86.80249,33.5206608
"1222",-97.4867028,35.3395079
"1223",-91.8318334,35.20105
"1225",-91.8318334,35.20105
"1226",-76.1474244,43.0481221
"1227",-82.5306527,27.3364347
"1228",-92.1476353,32.5184775
"1229",-87.6297982,41.8781136
"1230",-106.7636538,32.3199396
"1231",-87.2169149,30.421309
"1232",-94.838866,36.5603584
"1233",-95.712891,37.09024
"1234",-84.2700179,37.8393332
"1237",-95.712891,37.09024
"1238",-95.712891,37.09024
"1240",-78.6568942,37.4315734
"1241",-73.9441579,40.6781784
"1243",-94.5785667,39.0997265
"1244",-74.0059728,40.7127753
"1246",-15.5474373,27.9202202
"1247",-119.4179324,36.778261
"1249",-119.4179324,36.778261
"1251",-77.1945247,41.2033216
"1252",-87.9653565,42.2393323
"1254",-73.7948516,41.1220194
"1255",-81.2811801,28.2489016
"1256",43.356892,42.315407
"1257",-78.7989124,38.6131746
"1258",-96.6388833,32.912624
"1259",-85.2527987,43.1775314
"1260",-123.9369771,49.1661909
"1262",-87.677251,34.79981
"1264",-119.4179324,36.778261
"1265",-86.5804473,35.5174913
"1266",-82.9000751,32.1656221
"1267",-3.7037902,40.4167754
"1269",-81.1637245,33.836081
"1270",-89.4012302,43.0730517
"1271",-99.9018131,31.9685988
"1272",-84.1916069,39.7589478
"1274",-71.3824374,42.4072107
"1275",-78.6568942,37.4315734
"1276",-74.0059728,40.7127753
"1278",-78.6381787,35.7795897
"1279",-72.7420151,41.7620842
"1280",-102.4107493,34.2331373
"1281",-71.4372796,41.7798226
"1282",20.6285676,50.8660773
"1283",-1.470085,53.381129
"1284",-84.6052206,38.7828437
"1285",-86.39027,35.8456213
"1286",-76.6412712,39.0457549
"1288",-81.5157535,27.6648274
"1291",-119.4179324,36.778261
"1292",-84.9877094,32.4609764
"1294",-120.5542012,43.8041334
"1295",-80.1944763,40.6668589
"1296",-75.1652215,39.9525839
"1297",-74.0059728,40.7127753
"1298",-91.8318334,37.9642529
"1299",-104.8213634,38.8338816
"1301",-105.2210997,39.755543
"1303",-77.0368707,38.9071923
"1304",-82.8001026,27.9658533
"1305",-102.552784,23.634501
"1306",-95.712891,37.09024
"1307",5.291266,52.132633
"1308",-84.3879824,33.7489954
"1309",-85.6023643,44.3148443
"1310",-94.7954783,30.057993
"1311",-74.5402506,40.2677539
"1312",-87.6297982,41.8781136
"1313",-73.2612615,41.1408363
"1314",-74.0059728,40.7127753
"1315",-74.0059728,40.7127753
"1316",-73.992632,40.725075
"1318",-73.9839485,40.7422349
"1319",-81.6943605,41.49932
"1320",-47.3515637,-22.6513409
"1322",-110.3187608,39.0880274
"1323",-80.4267553,36.0004956
"1324",-84.3879824,33.7489954
"1325",-75.977985,36.8529263
"1326",-78.8783689,42.8864468
"1327",121.2682486,14.1773034
"1328",-91.5638053,40.6976102
"1329",-79.0192997,35.7595731
"1330",-76.6412712,39.0457549
"1331",-80.2213477,40.5169767
"1332",-119.4179324,36.778261
"1335",-87.6297982,41.8781136
"1337",-77.5425986,39.8406628
"1339",-121.2357828,38.7907339
"1340",-96.6786131,34.2362054
"1341",-74.0059728,40.7127753
"1342",-93.097702,41.8780025
"1343",-118.2436849,34.0522342
"1344",71.9243183,30.4911461
"1345",-93.7501789,32.5251516
"1346",-81.5157535,27.6648274
"1347",-80.4549026,38.5976262
"1348",-0.1277583,51.5073509
"1349",-78.898619,35.9940329
"1350",-106.346771,56.130366
"1351",-80.3689538,41.800611
"1352",-97.4253185,35.878937
"1354",-85.7584557,38.2526647
"1355",-81.5157535,27.6648274
"1356",-80.3040424,42.8372632
"1357",-119.4179324,36.778261
"1358",-81.5157535,27.6648274
"1359",-77.6611025,42.3278477
"1360",-75.6971931,45.4215296
"1361",-87.6746938,37.9582437
"1362",-76.8732921,42.3806287
"1363",-78.8783689,42.8864468
"1364",-71.0588801,42.3600825
"1365",-80.6628528,41.0242256
"1367",-84.5120196,39.1031182
"1368",-80.8567501,40.9008923
"1369",-92.9593797,44.9238552
"1370",-2.13125,49.214439
"1371",-118.3617443,34.0900091
"1372",-87.6297982,41.8781136
"1374",-95.712891,37.09024
"1375",-95.712891,37.09024
"1376",-86.80249,33.5206608
"1377",-96.4125075,34.8789766
"1378",-115.1745559,36.1023715
"1381",-95.712891,37.09024
"1382",-84.0043513,34.1206564
"1383",-116.419389,34.9592083
"1384",-89.2447232,38.2302951
"1385",-75.1652215,39.9525839
"1386",-80.0533746,26.7153424
"1388",-82.9000751,32.1656221
"1389",-74.0059728,40.7127753
"1390",-95.712891,37.09024
"1391",10.451526,51.165691
"1392",-83.555212,41.6639383
"1393",-95.712891,37.09024
"1395",-112.0263313,41.1616108
"1398",-82.0569249,28.8487689
"1399",-71.1259978,44.051441
"1400",-86.7816016,36.1626638
"1402",-73.9868082,40.7400682
"1404",-75.1674635,39.9007674
"1405",-80.9530353,46.522099
"1406",-81.5157535,27.6648274
"1407",-81.8191658,38.3793695
"1408",-114.0708459,51.0486151
"1409",-79.0414261,33.5510021
"1411",-111.6547075,35.1851895
"1413",-87.6297982,41.8781136
"1414",-88.7878678,43.7844397
"1415",-106.346771,56.130366
"1416",-77.921719,34.207709
"1417",-86.4808043,36.9685219
"1418",-73.9441579,40.6781784
"1419",-95.3010624,32.3512601
"1420",-117.9143012,33.8365932
"1421",-116.419389,38.8026097
"1422",-75.2207323,40.688432
"1423",-80.3582261,27.2730492
"1424",-86.5804473,35.5174913
"1425",-79.0192997,35.7595731
"1427",-78.8314381,35.7603039
"1430",-86.158068,39.768403
"1432",-80.0364297,26.7056206
"1433",-73.567256,45.5016889
"1434",-97.5164276,35.4675602
"1435",-120.7401385,47.7510741
"1436",-95.712891,37.09024
"1437",76.2144349,10.5276416
"1438",-77.0368707,38.9071923
"1439",-81.2452768,42.9849233
"1440",-118.0853451,33.9472359
"1442",-99.9018131,43.9695148
"1443",-97.092877,35.0077519
"1444",-102.4107493,34.2331373
"1445",-81.5157535,27.6648274
"1446",-79.0192997,35.7595731
"1447",-88.8753371,36.5008943
"1449",-73.134961,40.789142
"1450",-119.7889248,36.9915398
"1451",-122.9070339,44.5365119
"1453",-96.6786131,34.2362054
"1454",-87.6297982,41.8781136
"1455",-118.330185,34.0998174
"1457",77.2090212,28.6139391
"1458",19.145136,51.919438
"1460",-106.346771,56.130366
"1461",-105.2551187,54.5259614
"1462",-81.3792365,28.5383355
"1463",-89.3985283,40.6331249
"1464",-90.1994042,38.6270025
"1465",-77.4291298,39.0066993
"1467",-91.9623327,30.9842977
"1468",-74.0059728,40.7127753
"1469",-96.6851982,40.8257625
"1470",-81.5157535,27.6648274
"1471",-75.1652215,39.9525839
"1472",-98.187989,29.307488
"1473",35.243322,38.963745
"1474",-87.6297982,41.8781136
"1475",22.937506,-30.559482
"1476",-81.0998342,32.0835407
"1477",-75.5668166,39.6620397
"1478",-77.0307639,38.9979542
"1479",-74.0059728,40.7127753
"1480",-87.6297982,41.8781136
"1481",-91.9623327,30.9842977
"1483",-99.9018131,41.4925374
"1485",-82.4013138,40.8368996
"1486",-76.6121893,39.2903848
"1488",-105.8700901,34.5199402
"1489",-74.4056612,40.0583238
"1490",-74.4056612,40.0583238
"1492",-75.4557303,43.2128473
"1493",-119.4179324,36.778261
"1494",-91.9623327,30.9842977
"1496",-117.9143012,33.8365932
"1498",-88.914102,40.482914
"1499",-69.4454689,45.253783
"1501",-79.9958864,40.4406248
"1505",-66.063308,45.2733153
"1506",-84.3879824,33.7489954
"1509",12.5683372,55.6760968
"1510",-97.5164276,35.4675602
"1511",-88.0111746,41.8089191
"1512",-87.7479528,41.719978
"1514",-88.0670118,41.8775293
"1515",-105.8700901,34.5199402
"1516",-90.0656311,30.3582506
"1518",-120.5542012,43.8041334
"1520",-87.8486613,41.4958665
"1521",-87.861726,41.8347535
"1522",-88.4472948,41.6411409
"1523",-87.9370052,41.8008642
"1524",-87.6513043,41.9214378
"1525",-88.041746,42.3444664
"1527",-88.1535352,41.7508391
"1528",-87.9531303,42.2830786
"1529",-88.03424,42.1103041
"1530",-74.4056612,40.0583238
"1533",-127.6476205,53.7266683
"1534",-87.6297982,41.8781136
"1535",-95.712891,37.09024
"1538",-80.2767327,26.6514503
"1539",-86.80249,33.5206608
"1540",-79.0192997,35.7595731
"1541",144.9630576,-37.8136276
"1542",-8.224454,39.399872
"1543",-84.2700179,37.8393332
"1544",-82.4571776,27.950575
"1545",-95.712891,37.09024
"1546",-74.171811,40.9167654
"1547",-89.3985283,40.6331249
"1548",-87.9403418,41.8994744
"1549",-88.0503406,41.7469749
"1550",-87.9381112,41.6000317
"1551",-88.3459048,41.730585
"1553",-89.0092741,42.4133505
"1554",-88.0747875,41.801141
"1555",-87.8406192,42.0111412
"1556",-88.0934108,42.1969689
"1559",-88.0895061,41.6475306
"1560",-87.8289548,42.1275267
"1562",-87.8892189,41.5261437
"1564",-88.2120315,41.632223
"1565",-88.4281415,42.1680796
"1566",-87.8833991,42.0333623
"1567",-86.7816016,36.1626638
"1568",-83.9207392,35.9606384
"1569",-70.608929,43.1714933
"1571",-123.2620435,44.5645659
"1572",-74.2295891,40.41483
"1573",-77.6109219,43.16103
"1575",-117.8531007,33.7879139
"1576",-74.0059728,40.7127753
"1577",-74.0059728,40.7127753
"1578",-106.346771,56.130366
"1581",-83.4192941,42.7351196
"1583",-95.712891,37.09024
"1584",-87.6297982,41.8781136
"1585",-87.6297982,41.8781136
"1586",-4.629179,55.458564
"1587",-87.9631308,42.1662831
"1588",-87.6297982,41.8781136
"1590",-115.1398296,36.1699412
"1591",-77.0368707,38.9071923
"1592",-95.712891,37.09024
"1593",-81.5157535,27.6648274
"1594",-118.2436849,34.0522342
"1595",-119.4179324,36.778261
"1596",73.8567437,18.5204303
"1597",-87.6297982,41.8781136
"1598",-87.6876969,42.0450722
"1599",-88.0683955,41.6986416
"1600",-87.7932939,41.5731442
"1601",-88.3125738,41.8500284
"1603",-87.7386619,41.6689223
"1604",-87.9858863,41.4225316
"1605",-87.6802748,41.9227067
"1607",-88.2017293,41.5200305
"1609",-87.8539425,41.6303103
"1610",-106.346771,56.130366
"1611",-96.7311034,43.5445959
"1612",-80.1373174,26.1224386
"1616",-87.7845025,41.8850317
"1617",-95.712891,37.09024
"1618",-88.1361888,42.1539141
"1619",-88.2286735,41.4294753
"1621",-88.2825668,42.0354084
"1622",-87.9737943,41.7483483
"1626",-74.4056612,40.0583238
"1627",-86.7816016,36.1626638
"1630",-78.6568942,37.4315734
"1631",-88.3161965,42.2411344
"1632",-87.840625,42.2586342
"1633",-111.9260519,33.4941704
"1634",-88.3200715,41.7605849
"1635",-87.735895,42.1080834
"1636",-106.346771,56.130366
"1637",9.501785,56.26392
"1638",-73.7948516,40.7282239
"1639",-85.938311,39.924871
"1640",178.065032,-17.713371
"1641",-114.7420408,44.0682019
"1642",-118.281693,33.8316745
"1643",-89.3985283,40.6331249
"1645",-87.9806265,42.0883603
"1646",-87.7878408,42.0697509
"1647",-87.8003437,42.1816918
"1648",-87.8445119,42.1711365
"1649",-88.0017261,41.673642
"1650",-89.3985283,40.6331249
"1651",-104.8213634,38.8338816
"1652",-83.0197279,40.0016576
"1653",-79.3831843,43.653226
"1654",-82.6402915,27.7676008
"1655",-95.712891,37.09024
"1656",-95.712891,37.09024
"1657",-84.2700179,37.8393332
"1658",-81.6943605,41.49932
"1659",-76.6502468,40.2859239
"1660",-119.4179324,36.778261
"1661",-86.7816016,36.1626638
"1662",-84.375233,33.5571944
"1663",-66.4619164,46.5653163
"1664",-96.6851982,40.8257625
"1665",-5.0527125,50.2660471
"1666",-87.1250154,39.523652
"1667",-93.4523014,42.0227184
"1668",-102.4107493,34.2331373
"1669",-75.6374083,40.3337075
"1670",-102.4107493,34.2331373
"1671",-76.7074571,37.2707022
"1672",-89.3985283,32.3546679
"1673",-119.4179324,36.778261
"1675",-86.9833417,34.6059253
"1676",-77.4360481,37.5407246
"1677",-87.0424393,37.750555
"1679",-94.1632404,45.5579451
"1680",-122.6764815,45.5230622
"1681",-111.6585337,40.2338438
"1683",-119.4179324,36.778261
"1684",-88.932598,34.772535
"1685",-90.1994042,38.6270025
"1686",-106.346771,56.130366
"1687",-79.7990319,43.3255196
"1688",-66.063308,45.2733153
"1689",-73.8183804,41.2625965
"1691",-81.3304953,48.4758208
"1693",151.2092955,-33.8688197
"1694",-118.2922461,33.7360619
"1695",-156.6825,20.8783333
"1696",-82.907123,40.4172871
"1697",-79.3831843,43.653226
"1698",-95.712891,37.09024
"1699",-98.4933873,33.9137085
"1701",-95.712891,37.09024
"1702",-74.0059728,40.7127753
"1703",-110.926479,32.2217429
"1705",-79.6735841,41.6262707
"1706",-78.458708,38.253749
"1707",-81.1637245,33.836081
"1708",153.1932534,-28.6104322
"1709",-93.5290954,40.2585908
"1710",-112.0740373,33.4483771
"1711",-77.014761,38.905309
"1713",-80.8431267,35.2270869
"1714",-106.346771,56.130366
"1715",-71.3824374,42.4072107
"1716",-86.7816016,36.1626638
"1717",-74.1637553,40.8584328
"1718",-77.1710914,38.882334
"1720",-95.712891,37.09024
"1722",-93.6091064,41.6005448
"1723",-82.3248262,29.6516344
"1724",-85.6680863,42.9633599
"1725",-95.712891,37.09024
"1729",-95.712891,37.09024
"1730",-83.4702132,42.3714253
"1731",-105.0874842,39.8027644
"1732",-117.3961564,33.9533487
"1734",-106.346771,56.130366
"1736",-79.3831843,43.653226
"1737",-87.9064736,43.0389025
"1739",-76.3729962,41.2967482
"1740",-82.9987942,39.9611755
"1741",39.2375507,21.2854067
"1742",-79.3831843,43.653226
"1743",-74.4056612,40.0583238
"1745",-115.1745559,36.1023715
"1746",-75.6971931,45.4215296
"1747",-6.2603097,53.3498053
"1748",-76.6121893,39.2903848
"1750",-98.4842465,39.011902
"1752",-81.9498042,28.0394654
"1753",-78.8783689,42.8864468
"1755",-70.2553259,43.661471
"1756",-83.8888647,43.5944677
"1758",-80.8431267,35.2270869
"1760",-82.5748194,27.4989278
"1761",-82.9987942,39.9611755
"1762",-119.4179324,36.778261
"1763",-76.6121893,39.2903848
"1764",-84.5037164,38.0405837
"1766",-81.5157535,27.6648274
"1768",-118.451357,34.1489719
"1769",-86.158068,39.768403
"1771",-111.8314724,33.4151843
"1773",-89.6501481,39.7817213
"1774",-73.7948516,40.7282239
"1775",-73.824236,42.625333
"1777",-82.4249142,42.9708634
"1778",-74.0059728,40.7127753
"1779",-0.1277583,51.5073509
"1780",-79.3831843,43.653226
"1781",-87.8517253,41.8239203
"1782",-73.8648268,40.8447819
"1783",-77.0368707,38.9071923
"1784",-115.298202,36.094995
"1785",-118.3926415,34.0288122
"1787",-95.712891,37.09024
"1789",-82.9987942,39.9611755
"1790",-80.1386547,26.8233946
"1791",-86.7816016,36.1626638
"1793",-106.346771,56.130366
"1794",9.501785,56.26392
"1795",-75.1652215,39.9525839
"1797",-118.25529,34.107345
"1798",-77.0368707,38.9071923
"1799",-71.3824374,42.4072107
"1800",-98.4933873,33.9137085
"1801",-119.4179324,36.778261
"1802",20.7041995,49.6140437
"1804",-95.712891,37.09024
"1807",-77.2816984,42.887535
"1810",-84.2700179,37.8393332
"1812",-95.712891,37.09024
"1813",-87.6297982,41.8781136
"1814",-74.2401609,40.8298006
"1815",-81.3578859,41.1536674
"1817",-105.6836389,40.3427932
"1818",-72.512921,42.137989
"1819",-73.9441579,40.6781784
"1820",-82.4571776,27.950575
"1821",-89.5889864,40.6936488
"1822",-84.3324503,33.8604135
"1823",-84.5120196,39.1031182
"1824",-104.990251,39.7392358
"1825",-95.712891,37.09024
"1826",-74.0059728,40.7127753
"1827",-97.1909249,37.6462806
"1828",-84.3879824,33.7489954
"1829",-87.9064736,43.0389025
"1830",-74.0059728,40.7127753
"1831",-104.990251,39.7392358
"1832",-75.1652215,39.9525839
"1833",-73.567256,45.5016889
"1834",-84.3879824,33.7489954
"1835",-74.0059728,40.7127753
"1836",-117.1610838,32.715738
"1838",-75.1652215,39.9525839
"1839",-106.346771,56.130366
"1840",-0.1277583,51.5073509
"1841",-86.1219155,38.2120121
"1842",-99.9018131,31.9685988
"1843",-80.8431267,35.2270869
"1844",-73.9712488,40.7830603
"1845",-122.4647458,37.7798704
"1846",-77.4360481,37.5407246
"1848",-95.712891,37.09024
"1849",-94.1877922,36.3179139
"1850",-74.0059728,40.7127753
"1853",-3.17909,51.481581
"1854",24.96676,45.943161
"1856",-91.8318334,37.9642529
"1858",8.468946,60.472024
"1859",-81.1637245,33.836081
"1860",-79.6441198,43.5890452
"1861",-76.6121893,39.2903848
"1862",15.35923,60.7467784
"1863",-83.4148895,36.0153693
"1864",-37.3856581,-10.5740934
"1865",-106.6055534,35.0853336
"1866",-83.6800512,9.9067054
"1869",-118.2436849,34.0522342
"1870",-95.5813888,46.2816667
"1871",-79.3831843,43.653226
"1873",-70.922279,42.4265633
"1874",-95.7257968,32.3593117
"1875",-106.346771,56.130366
"1877",-73.0514965,41.5581525
"1878",11.5819805,48.1351253
"1879",-119.4179324,36.778261
"1880",-73.087749,41.6032207
"1881",-86.2519898,41.6763545
"1882",-79.4573958,43.7008237
"1883",-79.9414266,37.2709704
"1884",-77.0368707,38.9071923
"1885",-84.3879824,33.7489954
"1886",-95.370026,35.7475692
"1887",-95.712891,37.09024
"1888",-117.1610838,32.715738
"1889",128.187978,36.5701603
"1890",-82.4571776,27.950575
"1891",-75.6971931,45.4215296
"1893",-87.6297982,41.8781136
"1895",-75.4142592,40.6314858
"1896",-1.4043509,50.9097004
"1897",-95.712891,37.09024
"1898",-77.297508,18.109581
"1899",-92.1735164,38.5767017
"1900",-95.3698028,29.7604267
"1901",-82.5436722,27.763383
"1902",-69.4454689,45.253783
"1903",-85.323214,51.253775
"1904",-76.6121893,39.2903848
"1905",-94.7335709,38.9536174
"1906",-104.990251,39.7392358
"1907",-74.4056612,40.0583238
"1908",-75.1652215,39.9525839
"1909",77.2090212,28.6139391
"1911",-77.4874416,39.0437567
"1912",-74.663464,40.8693272
"1913",-73.134961,40.789142
"1914",-77.8789855,34.2412768
"1915",-82.9000751,32.1656221
"1917",-96.1811473,48.1191353
"1918",-81.7948103,26.1420358
"1921",-86.7522107,33.5009384
"1922",-77.0368707,38.9071923
"1923",-118.1718677,33.8952237
"1924",-75.1652215,39.9525839
"1925",-77.0368707,38.9071923
"1927",-73.9441579,40.6781784
"1928",-95.5377215,29.6185669
"1929",-106.2800242,43.4113604
"1930",-87.6297982,41.8781136
"1931",32.5522355,15.5927666
"1935",-82.9987942,39.9611755
"1936",-80.085059,42.1292241
"1937",-79.0192997,35.7595731
"1938",-73.9712488,40.7830603
"1939",-112.3679279,33.6292337
"1940",28.0473051,-26.2041028
"1941",-74.0059728,40.7127753
"1942",-87.9064736,43.0389025
"1943",-82.907123,40.4172871
"1944",-96.7513929,34.2417613
"1945",-80.1917902,25.7616798
"1946",-94.1718542,36.082156
"1947",-81.5157535,27.6648274
"1948",-99.9018131,31.9685988
"1949",-71.0588801,42.3600825
"1950",-85.7584557,38.2526647
"1951",-118.2436849,34.0522342
"1952",-74.0059728,40.7127753
"1954",-71.4774291,41.5800945
"1955",-78.8783689,42.8864468
"1957",-106.346771,56.130366
"1958",-74.0059728,40.7127753
"1959",-87.6297982,41.8781136
"1960",-81.9179173,41.4553232
"1961",-94.6858998,46.729553
"1962",-95.712891,37.09024
"1963",-77.0368707,38.9071923
"1966",-87.6297982,41.8781136
"1968",-92.3425775,42.492786
"1970",-80.2377078,25.7307897
"1971",-74.1502007,40.5795317
"1972",-77.6541464,36.4615395
"1973",-117.9143012,33.8365932
"1974",-2.2426305,53.4807593
"1975",153.0251235,-27.4697707
"1976",-1.1743197,52.3555177
"1977",-86.902298,32.3182314
"1978",-98.4936282,29.4241219
"1979",-74.4056612,40.0583238
"1980",-76.6412712,39.0457549
"1981",-87.6297982,41.8781136
"1982",-89.3985283,40.6331249
"1983",-86.3997167,39.7628227
"1984",-84.2940899,34.0753762
"1987",-73.9638997,40.7744189
"1988",-119.4179324,36.778261
"1989",-81.407571,28.2919557
"1990",-75.1648579,39.9490779
"1992",-82.1617883,34.1954001
"1993",-87.6297982,41.8781136
"1995",-74.4056612,40.0583238
"1996",-78.744572,42.9026136
"1997",-3.8080783,53.0711149
"1998",-74.0059728,40.7127753
"1999",-80.1917902,25.7616798
"2000",-87.7645413,41.8795055
"2001",-95.712891,37.09024
"2002",-87.7792196,41.7014217
"2003",-91.8318334,37.9642529
"2004",-80.765358,41.1828353
"2005",-83.3527097,42.36837
"2006",-97.5164276,35.4675602
"2007",-81.0998342,32.0835407
"2008",-87.6297982,41.8781136
"2009",-88.083341,41.639515
"2010",-43.3101484,-21.4899225
"2011",101.686855,3.139003
"2012",151.3693732,-33.0623336
"2013",-87.6297982,41.8781136
"2014",-81.5148368,36.8348383
"2015",-85.6023643,44.3148443
"2016",-74.0059728,40.7127753
"2019",-122.289582,47.612625
"2020",-80.8181404,40.3428455
"2021",-106.346771,56.130366
"2023",-76.8967043,34.9032325
"2025",-83.400211,42.324204
"2026",-87.6297982,41.8781136
"2029",-74.0059728,40.7127753
"2031",-74.0059728,40.7127753
"2032",-120.7401385,47.7510741
"2033",-99.9018131,31.9685988
"2035",-80.0943113,43.9199788
"2036",-71.0588801,42.3600825
"2037",-74.4056612,40.0583238
"2040",-79.0192997,35.7595731
"2041",-73.4742914,40.6806563
"2042",-104.9338675,39.8083196
"2043",-86.902298,32.3182314
"2044",-71.4774291,41.5800945
"2045",-87.677251,34.79981
"2046",-95.712891,37.09024
"2048",-119.4179324,36.778261
"2049",-81.372195,28.562889
"2050",-83.336188,42.5921924
"2051",-73.9820345,40.7568777
"2052",-95.712891,37.09024
"2053",-119.4179324,36.778261
"2054",-74.0059728,40.7127753
"2055",-95.712891,37.09024
"2056",-91.9623327,30.9842977
"2057",-81.5157535,27.6648274
"2059",-84.5499327,33.952602
"2060",-77.0368707,38.9071923
"2061",-76.4753272,39.0978681
"2062",-77.7952712,38.7134516
"2063",-73.7419017,40.7156628
"2064",-120.7401385,47.7510741
"2065",-74.0059728,40.7127753
"2066",-94.7151865,39.0228485
"2068",112.6179387,-7.969381
"2071",-95.712891,37.09024
"2072",28.9783589,41.0082376
"2073",7.7289624,47.5380277
"2075",-73.9441579,40.6781784
"2077",-86.1349019,40.2671941
"2078",-79.0192997,35.7595731
"2079",-89.7004215,40.3084762
"2081",-95.712891,37.09024
"2082",-81.3792365,28.5383355
"2083",-82.5436722,27.763383
"2084",-77.1945247,41.2033216
"2085",-78.898619,35.9940329
"2086",-92.2895948,34.7464809
"2087",-78.8636402,35.8991678
"2089",-81.5157535,27.6648274
"2090",-84.3879824,33.7489954
"2091",-86.2976181,33.1788378
"2092",-118.1937395,33.7700504
"2093",-89.3985283,40.6331249
"2094",-99.9018131,31.9685988
"2095",-119.4179324,36.778261
"2097",-96.0617155,33.0929274
"2098",-103.8711895,44.49651
"2100",-73.134961,40.789142
"2101",-77.1527578,39.0839973
"2102",-119.4179324,36.778261
"2103",-75.1652215,39.9525839
"2104",-106.346771,56.130366
"2105",-106.346771,56.130366
"2106",-85.5107246,37.2740494
"2108",-106.346771,56.130366
"2109",-83.0309143,40.0141905
"2110",-71.0588801,42.3600825
"2111",-95.712891,37.09024
"2113",-79.3831843,43.653226
"2114",-83.0457538,42.331427
"2115",-77.9819312,35.497105
"2117",-88.019826,44.519159
"2118",-74.1502007,40.5795317
"2119",-106.346771,56.130366
"2120",-73.8648268,40.8447819
"2121",-71.0588801,42.3600825
"2122",-78.8783689,42.8864468
"2123",-87.5710898,37.9715592
"2124",-95.712891,37.09024
"2125",-111.8910474,40.7607793
"2126",-90.1994042,38.6270025
"2129",-77.0368707,38.9071923
"2130",-105.8700901,34.5199402
"2133",-79.3831843,43.653226
"2134",-71.0588801,42.3600825
"2135",-71.4372796,41.7798226
"2136",-89.0611985,40.4904721
